name,requesttime,seentime,responsetime
joe,15:15:39.592632300,15:15:42.131734100,15:16:39.592632300,0
joe,15:32:10.953040,15:32:13.551618200,15:33:10.953040,0
joe,15:46:26.274564500,15:46:28.544093200,15:47:26.274564500,0
isaac,16:35:08.055514200,16:35:19.130527800,16:36:08.055514200,0
isaac,16:43:19.069224700,16:43:27.641578100,16:44:19.069224700,0
